Conf {_mutationCfg = MutCfg {_kRange = (-2,2), _funs = [Id,Exp,Log,Sqrt,Sin,Cos,Tanh], _yfuns = [Id], _vars = [], _budget = 0}, _ioCfg = IOCfg {_trainFilename = "datasets/Pagie.csv", _testFilename = "datasets/Pagie.csv", _logType = PartialLog "log/pagie"}, _algorithmCfg = AlgCfg {_algorithm = FS, _task = Regression, _gens = 100, _nPop = 100, _pm = 0.3, _pc = 0.7, _seed = Nothing, _fitness = [ExprMeasure "NMSE"], _measures = [RMSE,NMSE,MAE,R^2]}, _constraintCfg = CnsCfg {_penaltyType = NoPenalty, _shapes = [], _domains = [], _evaluator = Nothing}}
Conf {_mutationCfg = MutCfg {_kRange = (-2,2), _funs = [Id,Exp,Log,Sqrt,Sin,Cos,Tanh], _yfuns = [Id], _vars = [], _budget = 0}, _ioCfg = IOCfg {_trainFilename = "datasets/Pagie.csv", _testFilename = "datasets/Pagie.csv", _logType = PartialLog "log/pagie"}, _algorithmCfg = AlgCfg {_algorithm = FS, _task = Regression, _gens = 100, _nPop = 100, _pm = 0.3, _pc = 0.7, _seed = Nothing, _fitness = [ExprMeasure "NMSE"], _measures = [RMSE,NMSE,MAE,R^2]}, _constraintCfg = CnsCfg {_penaltyType = NoPenalty, _shapes = [], _domains = [], _evaluator = Nothing}}
Conf {_mutationCfg = MutCfg {_kRange = (-2,2), _funs = [Id,Exp,Log,Sqrt,Sin,Cos,Tanh], _yfuns = [Id], _vars = [], _budget = 0}, _ioCfg = IOCfg {_trainFilename = "datasets/Pagie.csv", _testFilename = "datasets/Pagie.csv", _logType = PartialLog "log/pagie"}, _algorithmCfg = AlgCfg {_algorithm = FS, _task = Regression, _gens = 100, _nPop = 100, _pm = 0.3, _pc = 0.7, _seed = Nothing, _fitness = [ExprMeasure "NMSE"], _measures = [RMSE,NMSE,MAE,R^2]}, _constraintCfg = CnsCfg {_penaltyType = NoPenalty, _shapes = [], _domains = [], _evaluator = Nothing}}
Conf {_mutationCfg = MutCfg {_kRange = (-2,2), _funs = [Id], _yfuns = [Id], _vars = [], _budget = 0}, _ioCfg = IOCfg {_trainFilename = "datasets/Pagie.csv", _testFilename = "datasets/Pagie.csv", _logType = PartialLog "log/pagie"}, _algorithmCfg = AlgCfg {_algorithm = FS, _task = Regression, _gens = 10, _nPop = 10, _pm = 0.3, _pc = 0.7, _seed = Nothing, _fitness = [ExprMeasure "NMSE"], _measures = [RMSE,NMSE,MAE,R^2]}, _constraintCfg = CnsCfg {_penaltyType = NoPenalty, _shapes = [], _domains = [], _evaluator = Nothing}}
Conf {_mutationCfg = MutCfg {_kRange = (-2,2), _funs = [Id], _yfuns = [Id], _vars = [], _budget = 0}, _ioCfg = IOCfg {_trainFilename = "datasets/Pagie.csv", _testFilename = "datasets/Pagie.csv", _logType = PartialLog "log/pagie"}, _algorithmCfg = AlgCfg {_algorithm = FS, _task = Regression, _gens = 1, _nPop = 10, _pm = 0.3, _pc = 0.7, _seed = Nothing, _fitness = [ExprMeasure "NMSE"], _measures = [RMSE,NMSE,MAE,R^2]}, _constraintCfg = CnsCfg {_penaltyType = NoPenalty, _shapes = [], _domains = [], _evaluator = Nothing}}
Conf {_mutationCfg = MutCfg {_kRange = (-2,2), _funs = [Id], _yfuns = [Id], _vars = [], _budget = 0}, _ioCfg = IOCfg {_trainFilename = "datasets/Pagie.csv", _testFilename = "datasets/Pagie.csv", _logType = PartialLog "log/pagie"}, _algorithmCfg = AlgCfg {_algorithm = FS, _task = Regression, _gens = 1, _nPop = 10, _pm = 0.3, _pc = 0.7, _seed = Nothing, _fitness = [ExprMeasure "NMSE"], _measures = [RMSE,NMSE,MAE,R^2]}, _constraintCfg = CnsCfg {_penaltyType = NoPenalty, _shapes = [], _domains = [], _evaluator = Nothing}}
Conf {_mutationCfg = MutCfg {_kRange = (-2,2), _funs = [Id], _yfuns = [Id], _vars = [], _budget = 0}, _ioCfg = IOCfg {_trainFilename = "datasets/Pagie.csv", _testFilename = "datasets/Pagie.csv", _logType = PartialLog "log/pagie"}, _algorithmCfg = AlgCfg {_algorithm = FS, _task = Regression, _gens = 0, _nPop = 10, _pm = 0.3, _pc = 0.7, _seed = Nothing, _fitness = [ExprMeasure "NMSE"], _measures = [RMSE,NMSE,MAE,R^2]}, _constraintCfg = CnsCfg {_penaltyType = NoPenalty, _shapes = [], _domains = [], _evaluator = Nothing}}
Conf {_mutationCfg = MutCfg {_kRange = (-2,2), _funs = [Id], _yfuns = [Id], _vars = [], _budget = 0}, _ioCfg = IOCfg {_trainFilename = "datasets/Pagie.csv", _testFilename = "datasets/Pagie.csv", _logType = PartialLog "log/pagie"}, _algorithmCfg = AlgCfg {_algorithm = FS, _task = Regression, _gens = 1, _nPop = 10, _pm = 0.3, _pc = 0.7, _seed = Nothing, _fitness = [ExprMeasure "NMSE"], _measures = [RMSE,NMSE,MAE,R^2]}, _constraintCfg = CnsCfg {_penaltyType = NoPenalty, _shapes = [], _domains = [], _evaluator = Nothing}}
Conf {_mutationCfg = MutCfg {_kRange = (-2,2), _funs = [Id], _yfuns = [Id], _vars = [], _budget = 0}, _ioCfg = IOCfg {_trainFilename = "datasets/Pagie.csv", _testFilename = "datasets/Pagie.csv", _logType = PartialLog "log/pagie"}, _algorithmCfg = AlgCfg {_algorithm = FS, _task = Regression, _gens = 2, _nPop = 10, _pm = 0.3, _pc = 0.7, _seed = Nothing, _fitness = [ExprMeasure "NMSE"], _measures = [RMSE,NMSE,MAE,R^2]}, _constraintCfg = CnsCfg {_penaltyType = NoPenalty, _shapes = [], _domains = [], _evaluator = Nothing}}
Conf {_mutationCfg = MutCfg {_kRange = (-2,2), _funs = [Id], _yfuns = [Id], _vars = [], _budget = 0}, _ioCfg = IOCfg {_trainFilename = "datasets/Pagie.csv", _testFilename = "datasets/Pagie.csv", _logType = PartialLog "log/pagie"}, _algorithmCfg = AlgCfg {_algorithm = FS, _task = Regression, _gens = 2, _nPop = 10, _pm = 0.3, _pc = 0.7, _seed = Nothing, _fitness = [ExprMeasure "NMSE"], _measures = [RMSE,NMSE,MAE,R^2]}, _constraintCfg = CnsCfg {_penaltyType = NoPenalty, _shapes = [], _domains = [], _evaluator = Nothing}}
Conf {_mutationCfg = MutCfg {_kRange = (-2,2), _funs = [Id], _yfuns = [Id], _vars = [], _budget = 0}, _ioCfg = IOCfg {_trainFilename = "datasets/Pagie.csv", _testFilename = "datasets/Pagie.csv", _logType = PartialLog "log/pagie"}, _algorithmCfg = AlgCfg {_algorithm = FS, _task = Regression, _gens = 2, _nPop = 10, _pm = 0.3, _pc = 0.7, _seed = Nothing, _fitness = [ExprMeasure "NMSE"], _measures = [RMSE,NMSE,MAE,R^2]}, _constraintCfg = CnsCfg {_penaltyType = NoPenalty, _shapes = [], _domains = [], _evaluator = Nothing}}
Conf {_mutationCfg = MutCfg {_kRange = (-2,2), _funs = [Id], _yfuns = [Id], _vars = [], _budget = 0}, _ioCfg = IOCfg {_trainFilename = "datasets/Pagie.csv", _testFilename = "datasets/Pagie.csv", _logType = PartialLog "log/pagie"}, _algorithmCfg = AlgCfg {_algorithm = FS, _task = Regression, _gens = 2, _nPop = 10, _pm = 0.3, _pc = 0.7, _seed = Nothing, _fitness = [ExprMeasure "NMSE"], _measures = [RMSE,NMSE,MAE,R^2]}, _constraintCfg = CnsCfg {_penaltyType = NoPenalty, _shapes = [], _domains = [], _evaluator = Nothing}}
Conf {_mutationCfg = MutCfg {_kRange = (-2,2), _funs = [Id], _yfuns = [Id], _vars = [], _budget = 0}, _ioCfg = IOCfg {_trainFilename = "datasets/Pagie.csv", _testFilename = "datasets/Pagie.csv", _logType = PartialLog "log/pagie"}, _algorithmCfg = AlgCfg {_algorithm = FS, _task = Regression, _gens = 2, _nPop = 10, _pm = 0.3, _pc = 0.7, _seed = Nothing, _fitness = [ExprMeasure "NMSE"], _measures = [RMSE,NMSE,MAE,R^2]}, _constraintCfg = CnsCfg {_penaltyType = NoPenalty, _shapes = [], _domains = [], _evaluator = Nothing}}
Conf {_mutationCfg = MutCfg {_kRange = (-2,2), _funs = [Id], _yfuns = [Id], _vars = [], _budget = 0}, _ioCfg = IOCfg {_trainFilename = "datasets/Pagie.csv", _testFilename = "datasets/Pagie.csv", _logType = PartialLog "log/pagie"}, _algorithmCfg = AlgCfg {_algorithm = FS, _task = Regression, _gens = 4, _nPop = 10, _pm = 0.3, _pc = 0.7, _seed = Nothing, _fitness = [ExprMeasure "NMSE"], _measures = [RMSE,NMSE,MAE,R^2]}, _constraintCfg = CnsCfg {_penaltyType = NoPenalty, _shapes = [], _domains = [], _evaluator = Nothing}}
Conf {_mutationCfg = MutCfg {_kRange = (-2,2), _funs = [Id], _yfuns = [Id], _vars = [], _budget = 0}, _ioCfg = IOCfg {_trainFilename = "datasets/Pagie.csv", _testFilename = "datasets/Pagie.csv", _logType = PartialLog "log/pagie"}, _algorithmCfg = AlgCfg {_algorithm = FS, _task = Regression, _gens = 10, _nPop = 10, _pm = 0.3, _pc = 0.7, _seed = Nothing, _fitness = [ExprMeasure "NMSE"], _measures = [RMSE,NMSE,MAE,R^2]}, _constraintCfg = CnsCfg {_penaltyType = NoPenalty, _shapes = [], _domains = [], _evaluator = Nothing}}
Conf {_mutationCfg = MutCfg {_kRange = (-2,2), _funs = [Id], _yfuns = [Id], _vars = [], _budget = 0}, _ioCfg = IOCfg {_trainFilename = "datasets/Pagie.csv", _testFilename = "datasets/Pagie.csv", _logType = PartialLog "log/pagie"}, _algorithmCfg = AlgCfg {_algorithm = FS, _task = Regression, _gens = 10, _nPop = 500, _pm = 0.3, _pc = 0.7, _seed = Nothing, _fitness = [ExprMeasure "NMSE"], _measures = [RMSE,NMSE,MAE,R^2]}, _constraintCfg = CnsCfg {_penaltyType = NoPenalty, _shapes = [], _domains = [], _evaluator = Nothing}}
Conf {_mutationCfg = MutCfg {_kRange = (-2,2), _funs = [Id], _yfuns = [Id], _vars = [], _budget = 0}, _ioCfg = IOCfg {_trainFilename = "datasets/Kotanchek.csv", _testFilename = "datasets/Kotanchek.csv", _logType = PartialLog "log/pagie"}, _algorithmCfg = AlgCfg {_algorithm = FS, _task = Regression, _gens = 10, _nPop = 10, _pm = 0.3, _pc = 0.7, _seed = Nothing, _fitness = [ExprMeasure "NMSE"], _measures = [RMSE,NMSE,MAE,R^2]}, _constraintCfg = CnsCfg {_penaltyType = NoPenalty, _shapes = [], _domains = [], _evaluator = Nothing}}
Conf {_mutationCfg = MutCfg {_kRange = (-2,2), _funs = [Id,Exp,Log,Sqrt,Sin,Cos,Tanh], _yfuns = [Id], _vars = [], _budget = 0}, _ioCfg = IOCfg {_trainFilename = "datasets/Kotanchek.csv", _testFilename = "datasets/Kotanchek.csv", _logType = PartialLog "log/pagie"}, _algorithmCfg = AlgCfg {_algorithm = FS, _task = Regression, _gens = 100, _nPop = 100, _pm = 0.3, _pc = 0.7, _seed = Nothing, _fitness = [ExprMeasure "NMSE"], _measures = [RMSE,NMSE,MAE,R^2]}, _constraintCfg = CnsCfg {_penaltyType = NoPenalty, _shapes = [], _domains = [], _evaluator = Nothing}}
Conf {_mutationCfg = MutCfg {_kRange = (-2,2), _funs = [Id,Exp,Log,Sqrt,Sin,Cos,Tanh], _yfuns = [Id], _vars = [], _budget = 0}, _ioCfg = IOCfg {_trainFilename = "datasets/Kotanchek.csv", _testFilename = "datasets/Kotanchek.csv", _logType = PartialLog "log/pagie"}, _algorithmCfg = AlgCfg {_algorithm = FS, _task = Regression, _gens = 100, _nPop = 100, _pm = 0.3, _pc = 0.7, _seed = Nothing, _fitness = [ExprMeasure "NMSE"], _measures = [RMSE,NMSE,MAE,R^2]}, _constraintCfg = CnsCfg {_penaltyType = NoPenalty, _shapes = [], _domains = [], _evaluator = Nothing}}
Conf {_mutationCfg = MutCfg {_kRange = (-2,2), _funs = [Id,Exp,Log,Sqrt,Sin,Cos,Tanh], _yfuns = [Id], _vars = [], _budget = 0}, _ioCfg = IOCfg {_trainFilename = "datasets/Kotanchek.csv", _testFilename = "datasets/Kotanchek.csv", _logType = PartialLog "log/pagie"}, _algorithmCfg = AlgCfg {_algorithm = FS, _task = Regression, _gens = 100, _nPop = 100, _pm = 0.3, _pc = 0.7, _seed = Nothing, _fitness = [ExprMeasure "NMSE"], _measures = [RMSE,NMSE,MAE,R^2]}, _constraintCfg = CnsCfg {_penaltyType = NoPenalty, _shapes = [], _domains = [], _evaluator = Nothing}}
Conf {_mutationCfg = MutCfg {_kRange = (-2,2), _funs = [Id,Exp,Log,Sqrt,Sin,Cos,Tanh], _yfuns = [Id], _vars = [], _budget = 0}, _ioCfg = IOCfg {_trainFilename = "datasets/Kotanchek.csv", _testFilename = "datasets/Kotanchek.csv", _logType = PartialLog "log/pagie"}, _algorithmCfg = AlgCfg {_algorithm = FS, _task = Regression, _gens = 100, _nPop = 100, _pm = 0.3, _pc = 0.7, _seed = Nothing, _fitness = [ExprMeasure "NMSE"], _measures = [RMSE,NMSE,MAE,R^2]}, _constraintCfg = CnsCfg {_penaltyType = NoPenalty, _shapes = [], _domains = [], _evaluator = Nothing}}
Conf {_mutationCfg = MutCfg {_kRange = (-2,2), _funs = [Id,Exp,Log,Sqrt,Sin,Cos,Tanh], _yfuns = [Id], _vars = [], _budget = 0}, _ioCfg = IOCfg {_trainFilename = "datasets/Kotanchek.csv", _testFilename = "datasets/Kotanchek.csv", _logType = PartialLog "log/pagie"}, _algorithmCfg = AlgCfg {_algorithm = FS, _task = Regression, _gens = 3, _nPop = 10, _pm = 0.3, _pc = 0.7, _seed = Nothing, _fitness = [ExprMeasure "NMSE"], _measures = [RMSE,NMSE,MAE,R^2]}, _constraintCfg = CnsCfg {_penaltyType = NoPenalty, _shapes = [], _domains = [], _evaluator = Nothing}}
Conf {_mutationCfg = MutCfg {_kRange = (-2,2), _funs = [Id,Exp,Log,Sqrt,Sin,Cos,Tanh], _yfuns = [Id], _vars = [], _budget = 0}, _ioCfg = IOCfg {_trainFilename = "datasets/Kotanchek.csv", _testFilename = "datasets/Kotanchek.csv", _logType = PartialLog "log/pagie"}, _algorithmCfg = AlgCfg {_algorithm = FS, _task = Regression, _gens = 0, _nPop = 10, _pm = 0.3, _pc = 0.7, _seed = Nothing, _fitness = [ExprMeasure "NMSE"], _measures = [RMSE,NMSE,MAE,R^2]}, _constraintCfg = CnsCfg {_penaltyType = NoPenalty, _shapes = [], _domains = [], _evaluator = Nothing}}
Conf {_mutationCfg = MutCfg {_kRange = (-2,2), _funs = [Id,Exp,Log,Sqrt,Sin,Cos,Tanh], _yfuns = [Id], _vars = [], _budget = 0}, _ioCfg = IOCfg {_trainFilename = "datasets/Kotanchek.csv", _testFilename = "datasets/Kotanchek.csv", _logType = PartialLog "log/pagie"}, _algorithmCfg = AlgCfg {_algorithm = FS, _task = Regression, _gens = 0, _nPop = 10, _pm = 0.3, _pc = 0.7, _seed = Nothing, _fitness = [ExprMeasure "NMSE"], _measures = [RMSE,NMSE,MAE,R^2]}, _constraintCfg = CnsCfg {_penaltyType = NoPenalty, _shapes = [], _domains = [], _evaluator = Nothing}}
Conf {_mutationCfg = MutCfg {_kRange = (-2,2), _funs = [Id,Exp,Log,Sqrt,Sin,Cos,Tanh], _yfuns = [Id], _vars = [], _budget = 0}, _ioCfg = IOCfg {_trainFilename = "datasets/Kotanchek.csv", _testFilename = "datasets/Kotanchek.csv", _logType = PartialLog "log/pagie"}, _algorithmCfg = AlgCfg {_algorithm = FS, _task = Regression, _gens = 1, _nPop = 10, _pm = 0.3, _pc = 0.7, _seed = Nothing, _fitness = [ExprMeasure "NMSE"], _measures = [RMSE,NMSE,MAE,R^2]}, _constraintCfg = CnsCfg {_penaltyType = NoPenalty, _shapes = [], _domains = [], _evaluator = Nothing}}
Conf {_mutationCfg = MutCfg {_kRange = (-2,2), _funs = [Id,Exp,Log,Sqrt,Sin,Cos,Tanh], _yfuns = [Id], _vars = [], _budget = 0}, _ioCfg = IOCfg {_trainFilename = "datasets/Kotanchek.csv", _testFilename = "datasets/Kotanchek.csv", _logType = PartialLog "log/pagie"}, _algorithmCfg = AlgCfg {_algorithm = FS, _task = Regression, _gens = 1, _nPop = 10, _pm = 0.3, _pc = 0.7, _seed = Nothing, _fitness = [ExprMeasure "NMSE"], _measures = [RMSE,NMSE,MAE,R^2]}, _constraintCfg = CnsCfg {_penaltyType = NoPenalty, _shapes = [], _domains = [], _evaluator = Nothing}}
Conf {_mutationCfg = MutCfg {_kRange = (-2,2), _funs = [Id,Exp,Log,Sqrt,Sin,Cos,Tanh], _yfuns = [Id], _vars = [], _budget = 0}, _ioCfg = IOCfg {_trainFilename = "datasets/Kotanchek.csv", _testFilename = "datasets/Kotanchek.csv", _logType = PartialLog "log/pagie"}, _algorithmCfg = AlgCfg {_algorithm = FS, _task = Regression, _gens = 1, _nPop = 10, _pm = 0.3, _pc = 0.7, _seed = Nothing, _fitness = [ExprMeasure "NMSE"], _measures = [RMSE,NMSE,MAE,R^2]}, _constraintCfg = CnsCfg {_penaltyType = NoPenalty, _shapes = [], _domains = [], _evaluator = Nothing}}
Conf {_mutationCfg = MutCfg {_kRange = (-2,2), _funs = [Id,Exp,Log,Sqrt,Sin,Cos,Tanh], _yfuns = [Id], _vars = [], _budget = 0}, _ioCfg = IOCfg {_trainFilename = "datasets/Kotanchek.csv", _testFilename = "datasets/Kotanchek.csv", _logType = PartialLog "log/pagie"}, _algorithmCfg = AlgCfg {_algorithm = FS, _task = Regression, _gens = 1, _nPop = 10, _pm = 0.3, _pc = 0.7, _seed = Nothing, _fitness = [ExprMeasure "NMSE"], _measures = [RMSE,NMSE,MAE,R^2]}, _constraintCfg = CnsCfg {_penaltyType = NoPenalty, _shapes = [], _domains = [], _evaluator = Nothing}}
Conf {_mutationCfg = MutCfg {_kRange = (-2,2), _funs = [Id,Exp,Log,Sqrt,Sin,Cos,Tanh], _yfuns = [Id], _vars = [], _budget = 0}, _ioCfg = IOCfg {_trainFilename = "datasets/Kotanchek.csv", _testFilename = "datasets/Kotanchek.csv", _logType = PartialLog "log/pagie"}, _algorithmCfg = AlgCfg {_algorithm = FS, _task = Regression, _gens = 1, _nPop = 10, _pm = 0.3, _pc = 0.7, _seed = Nothing, _fitness = [ExprMeasure "NMSE"], _measures = [RMSE,NMSE,MAE,R^2]}, _constraintCfg = CnsCfg {_penaltyType = NoPenalty, _shapes = [], _domains = [], _evaluator = Nothing}}
Conf {_mutationCfg = MutCfg {_kRange = (-2,2), _funs = [Id,Exp,Log,Sqrt,Sin,Cos,Tanh], _yfuns = [Id], _vars = [], _budget = 0}, _ioCfg = IOCfg {_trainFilename = "datasets/Kotanchek.csv", _testFilename = "datasets/Kotanchek.csv", _logType = PartialLog "log/pagie"}, _algorithmCfg = AlgCfg {_algorithm = FS, _task = Regression, _gens = 100, _nPop = 10, _pm = 0.3, _pc = 0.7, _seed = Nothing, _fitness = [ExprMeasure "NMSE"], _measures = [RMSE,NMSE,MAE,R^2]}, _constraintCfg = CnsCfg {_penaltyType = NoPenalty, _shapes = [], _domains = [], _evaluator = Nothing}}
Conf {_mutationCfg = MutCfg {_kRange = (-2,2), _funs = [Id,Exp,Log,Sqrt,Sin,Cos,Tanh], _yfuns = [Id], _vars = [], _budget = 0}, _ioCfg = IOCfg {_trainFilename = "datasets/Kotanchek.csv", _testFilename = "datasets/Kotanchek.csv", _logType = PartialLog "log/pagie"}, _algorithmCfg = AlgCfg {_algorithm = FS, _task = Regression, _gens = 100, _nPop = 10, _pm = 0.3, _pc = 0.7, _seed = Nothing, _fitness = [ExprMeasure "NMSE"], _measures = [RMSE,NMSE,MAE,R^2]}, _constraintCfg = CnsCfg {_penaltyType = NoPenalty, _shapes = [], _domains = [], _evaluator = Nothing}}
Conf {_mutationCfg = MutCfg {_kRange = (-2,2), _funs = [Id,Exp,Log,Sqrt,Sin,Cos,Tanh], _yfuns = [Id], _vars = [], _budget = 0}, _ioCfg = IOCfg {_trainFilename = "datasets/Kotanchek.csv", _testFilename = "datasets/Kotanchek.csv", _logType = PartialLog "log/pagie"}, _algorithmCfg = AlgCfg {_algorithm = FS, _task = Regression, _gens = 1, _nPop = 10, _pm = 0.3, _pc = 0.7, _seed = Nothing, _fitness = [ExprMeasure "NMSE"], _measures = [RMSE,NMSE,MAE,R^2]}, _constraintCfg = CnsCfg {_penaltyType = NoPenalty, _shapes = [], _domains = [], _evaluator = Nothing}}
Conf {_mutationCfg = MutCfg {_kRange = (-2,2), _funs = [Id,Exp,Log,Sqrt,Sin,Cos,Tanh], _yfuns = [Id], _vars = [], _budget = 0}, _ioCfg = IOCfg {_trainFilename = "datasets/Kotanchek.csv", _testFilename = "datasets/Kotanchek.csv", _logType = PartialLog "log/pagie"}, _algorithmCfg = AlgCfg {_algorithm = FS, _task = Regression, _gens = 1, _nPop = 10, _pm = 0.3, _pc = 0.7, _seed = Nothing, _fitness = [ExprMeasure "NMSE"], _measures = [RMSE,NMSE,MAE,R^2]}, _constraintCfg = CnsCfg {_penaltyType = NoPenalty, _shapes = [], _domains = [], _evaluator = Nothing}}
Conf {_mutationCfg = MutCfg {_kRange = (-2,2), _funs = [Id,Exp,Log,Sqrt,Sin,Cos,Tanh], _yfuns = [Id], _vars = [], _budget = 0}, _ioCfg = IOCfg {_trainFilename = "datasets/Kotanchek.csv", _testFilename = "datasets/Kotanchek.csv", _logType = PartialLog "log/pagie"}, _algorithmCfg = AlgCfg {_algorithm = FS, _task = Regression, _gens = 1, _nPop = 10, _pm = 0.3, _pc = 0.7, _seed = Nothing, _fitness = [ExprMeasure "NMSE"], _measures = [RMSE,NMSE,MAE,R^2]}, _constraintCfg = CnsCfg {_penaltyType = NoPenalty, _shapes = [], _domains = [], _evaluator = Nothing}}
Conf {_mutationCfg = MutCfg {_kRange = (-2,2), _funs = [Id,Exp,Log,Sqrt,Sin,Cos,Tanh], _yfuns = [Id], _vars = [], _budget = 0}, _ioCfg = IOCfg {_trainFilename = "datasets/Kotanchek.csv", _testFilename = "datasets/Kotanchek.csv", _logType = PartialLog "log/pagie"}, _algorithmCfg = AlgCfg {_algorithm = FS, _task = Regression, _gens = 5, _nPop = 10, _pm = 0.3, _pc = 0.7, _seed = Nothing, _fitness = [ExprMeasure "NMSE"], _measures = [RMSE,NMSE,MAE,R^2]}, _constraintCfg = CnsCfg {_penaltyType = NoPenalty, _shapes = [], _domains = [], _evaluator = Nothing}}
Conf {_mutationCfg = MutCfg {_kRange = (-2,2), _funs = [Id,Exp,Log,Sqrt,Sin,Cos,Tanh], _yfuns = [Id], _vars = [], _budget = 0}, _ioCfg = IOCfg {_trainFilename = "datasets/Kotanchek.csv", _testFilename = "datasets/Kotanchek.csv", _logType = PartialLog "log/pagie"}, _algorithmCfg = AlgCfg {_algorithm = FS, _task = Regression, _gens = 25, _nPop = 10, _pm = 0.3, _pc = 0.7, _seed = Nothing, _fitness = [ExprMeasure "NMSE"], _measures = [RMSE,NMSE,MAE,R^2]}, _constraintCfg = CnsCfg {_penaltyType = NoPenalty, _shapes = [], _domains = [], _evaluator = Nothing}}
Conf {_mutationCfg = MutCfg {_kRange = (-2,2), _funs = [Id,Exp,Log,Sqrt,Sin,Cos,Tanh], _yfuns = [Id], _vars = [], _budget = 0}, _ioCfg = IOCfg {_trainFilename = "datasets/Kotanchek.csv", _testFilename = "datasets/Kotanchek.csv", _logType = PartialLog "log/pagie"}, _algorithmCfg = AlgCfg {_algorithm = FS, _task = Regression, _gens = 25, _nPop = 20, _pm = 0.3, _pc = 0.7, _seed = Nothing, _fitness = [ExprMeasure "NMSE"], _measures = [RMSE,NMSE,MAE,R^2]}, _constraintCfg = CnsCfg {_penaltyType = NoPenalty, _shapes = [], _domains = [], _evaluator = Nothing}}
Conf {_mutationCfg = MutCfg {_kRange = (-2,2), _funs = [Id,Exp,Log,Sqrt,Sin,Cos,Tanh], _yfuns = [Id], _vars = [], _budget = 0}, _ioCfg = IOCfg {_trainFilename = "datasets/Kotanchek.csv", _testFilename = "datasets/Kotanchek.csv", _logType = PartialLog "log/pagie"}, _algorithmCfg = AlgCfg {_algorithm = FS, _task = Regression, _gens = 1, _nPop = 10, _pm = 0.3, _pc = 0.7, _seed = Nothing, _fitness = [ExprMeasure "NMSE"], _measures = [RMSE,NMSE,MAE,R^2]}, _constraintCfg = CnsCfg {_penaltyType = NoPenalty, _shapes = [], _domains = [], _evaluator = Nothing}}
Conf {_mutationCfg = MutCfg {_kRange = (-2,2), _funs = [Id,Exp,Log,Sqrt,Sin,Cos,Tanh], _yfuns = [Id], _vars = [], _budget = 0}, _ioCfg = IOCfg {_trainFilename = "datasets/Kotanchek.csv", _testFilename = "datasets/Kotanchek.csv", _logType = PartialLog "log/pagie"}, _algorithmCfg = AlgCfg {_algorithm = FS, _task = Regression, _gens = 1, _nPop = 10, _pm = 0.3, _pc = 0.7, _seed = Nothing, _fitness = [ExprMeasure "NMSE"], _measures = [RMSE,NMSE,MAE,R^2]}, _constraintCfg = CnsCfg {_penaltyType = NoPenalty, _shapes = [], _domains = [], _evaluator = Nothing}}
Conf {_mutationCfg = MutCfg {_kRange = (-2,2), _funs = [Id,Exp,Log,Sqrt,Sin,Cos,Tanh], _yfuns = [Id], _vars = [], _budget = 0}, _ioCfg = IOCfg {_trainFilename = "datasets/Kotanchek.csv", _testFilename = "datasets/Kotanchek.csv", _logType = PartialLog "log/pagie"}, _algorithmCfg = AlgCfg {_algorithm = FS, _task = Regression, _gens = 1, _nPop = 10, _pm = 0.3, _pc = 0.7, _seed = Nothing, _fitness = [ExprMeasure "NMSE"], _measures = [RMSE,NMSE,MAE,R^2]}, _constraintCfg = CnsCfg {_penaltyType = NoPenalty, _shapes = [], _domains = [], _evaluator = Nothing}}
Conf {_mutationCfg = MutCfg {_kRange = (-2,2), _funs = [Id,Exp,Log,Sqrt,Sin,Cos,Tanh], _yfuns = [Id], _vars = [], _budget = 0}, _ioCfg = IOCfg {_trainFilename = "datasets/Kotanchek.csv", _testFilename = "datasets/Kotanchek.csv", _logType = PartialLog "log/pagie"}, _algorithmCfg = AlgCfg {_algorithm = FS, _task = Regression, _gens = 1, _nPop = 10, _pm = 0.3, _pc = 0.7, _seed = Nothing, _fitness = [ExprMeasure "NMSE"], _measures = [RMSE,NMSE,MAE,R^2]}, _constraintCfg = CnsCfg {_penaltyType = NoPenalty, _shapes = [], _domains = [], _evaluator = Nothing}}
Conf {_mutationCfg = MutCfg {_kRange = (-2,2), _funs = [Id,Exp,Log,Sqrt,Sin,Cos,Tanh], _yfuns = [Id], _vars = [], _budget = 0}, _ioCfg = IOCfg {_trainFilename = "datasets/Kotanchek.csv", _testFilename = "datasets/Kotanchek.csv", _logType = PartialLog "log/pagie"}, _algorithmCfg = AlgCfg {_algorithm = FS, _task = Regression, _gens = 1, _nPop = 10, _pm = 0.3, _pc = 0.7, _seed = Nothing, _fitness = [ExprMeasure "NMSE"], _measures = [RMSE,NMSE,MAE,R^2]}, _constraintCfg = CnsCfg {_penaltyType = NoPenalty, _shapes = [], _domains = [], _evaluator = Nothing}}
Conf {_mutationCfg = MutCfg {_kRange = (-2,2), _funs = [Id,Exp,Log,Sqrt,Sin,Cos,Tanh], _yfuns = [Id], _vars = [], _budget = 0}, _ioCfg = IOCfg {_trainFilename = "datasets/Kotanchek.csv", _testFilename = "datasets/Kotanchek.csv", _logType = PartialLog "log/pagie"}, _algorithmCfg = AlgCfg {_algorithm = FS, _task = Regression, _gens = 1, _nPop = 10, _pm = 0.3, _pc = 0.7, _seed = Nothing, _fitness = [ExprMeasure "NMSE"], _measures = [RMSE,NMSE,MAE,R^2]}, _constraintCfg = CnsCfg {_penaltyType = NoPenalty, _shapes = [], _domains = [], _evaluator = Nothing}}
Conf {_mutationCfg = MutCfg {_kRange = (-2,2), _funs = [Id,Exp,Log,Sqrt,Sin,Cos,Tanh], _yfuns = [Id], _vars = [], _budget = 0}, _ioCfg = IOCfg {_trainFilename = "datasets/Kotanchek.csv", _testFilename = "datasets/Kotanchek.csv", _logType = PartialLog "log/pagie"}, _algorithmCfg = AlgCfg {_algorithm = FS, _task = Regression, _gens = 1, _nPop = 10, _pm = 0.3, _pc = 0.7, _seed = Nothing, _fitness = [ExprMeasure "NMSE"], _measures = [RMSE,NMSE,MAE,R^2]}, _constraintCfg = CnsCfg {_penaltyType = NoPenalty, _shapes = [], _domains = [], _evaluator = Nothing}}
Conf {_mutationCfg = MutCfg {_kRange = (-2,2), _funs = [Id,Exp,Log,Sqrt,Sin,Cos,Tanh], _yfuns = [Id], _vars = [], _budget = 0}, _ioCfg = IOCfg {_trainFilename = "datasets/Kotanchek.csv", _testFilename = "datasets/Kotanchek.csv", _logType = PartialLog "log/pagie"}, _algorithmCfg = AlgCfg {_algorithm = FS, _task = Regression, _gens = 100, _nPop = 10, _pm = 0.3, _pc = 0.7, _seed = Nothing, _fitness = [ExprMeasure "NMSE"], _measures = [RMSE,NMSE,MAE,R^2]}, _constraintCfg = CnsCfg {_penaltyType = NoPenalty, _shapes = [], _domains = [], _evaluator = Nothing}}
Conf {_mutationCfg = MutCfg {_kRange = (-2,2), _funs = [Id,Exp,Log,Sqrt,Sin,Cos,Tanh], _yfuns = [Id], _vars = [], _budget = 0}, _ioCfg = IOCfg {_trainFilename = "datasets/Kotanchek.csv", _testFilename = "datasets/Kotanchek.csv", _logType = PartialLog "log/pagie"}, _algorithmCfg = AlgCfg {_algorithm = FS, _task = Regression, _gens = 100, _nPop = 10, _pm = 0.3, _pc = 0.7, _seed = Nothing, _fitness = [ExprMeasure "NMSE"], _measures = [RMSE,NMSE,MAE,R^2]}, _constraintCfg = CnsCfg {_penaltyType = NoPenalty, _shapes = [], _domains = [], _evaluator = Nothing}}
Conf {_mutationCfg = MutCfg {_kRange = (-2,2), _funs = [Id,Exp,Log,Sqrt,Sin,Cos,Tanh], _yfuns = [Id], _vars = [], _budget = 0}, _ioCfg = IOCfg {_trainFilename = "datasets/Kotanchek.csv", _testFilename = "datasets/Kotanchek.csv", _logType = PartialLog "log/pagie"}, _algorithmCfg = AlgCfg {_algorithm = FS, _task = Regression, _gens = 100, _nPop = 10, _pm = 0.3, _pc = 0.7, _seed = Nothing, _fitness = [ExprMeasure "NMSE"], _measures = [RMSE,NMSE,MAE,R^2]}, _constraintCfg = CnsCfg {_penaltyType = NoPenalty, _shapes = [], _domains = [], _evaluator = Nothing}}
Conf {_mutationCfg = MutCfg {_kRange = (-2,2), _funs = [Id,Exp,Log,Sqrt,Sin,Cos,Tanh], _yfuns = [Id], _vars = [], _budget = 0}, _ioCfg = IOCfg {_trainFilename = "datasets/Kotanchek.csv", _testFilename = "datasets/Kotanchek.csv", _logType = PartialLog "log/pagie"}, _algorithmCfg = AlgCfg {_algorithm = FS, _task = Regression, _gens = 100, _nPop = 10, _pm = 0.3, _pc = 0.7, _seed = Nothing, _fitness = [ExprMeasure "NMSE"], _measures = [RMSE,NMSE,MAE,R^2]}, _constraintCfg = CnsCfg {_penaltyType = NoPenalty, _shapes = [], _domains = [], _evaluator = Nothing}}
Conf {_mutationCfg = MutCfg {_kRange = (-2,2), _funs = [Id,Exp,Log,Sqrt,Sin,Cos,Tanh], _yfuns = [Id], _vars = [], _budget = 0}, _ioCfg = IOCfg {_trainFilename = "datasets/Kotanchek.csv", _testFilename = "datasets/Kotanchek.csv", _logType = PartialLog "log/pagie"}, _algorithmCfg = AlgCfg {_algorithm = FS, _task = Regression, _gens = 100, _nPop = 10, _pm = 0.3, _pc = 0.7, _seed = Nothing, _fitness = [ExprMeasure "NMSE"], _measures = [RMSE,NMSE,MAE,R^2]}, _constraintCfg = CnsCfg {_penaltyType = NoPenalty, _shapes = [], _domains = [], _evaluator = Nothing}}
Conf {_mutationCfg = MutCfg {_kRange = (-2,2), _funs = [Id,Exp,Log,Sqrt,Sin,Cos,Tanh], _yfuns = [Id], _vars = [], _budget = 0}, _ioCfg = IOCfg {_trainFilename = "datasets/Kotanchek.csv", _testFilename = "datasets/Kotanchek.csv", _logType = PartialLog "log/pagie"}, _algorithmCfg = AlgCfg {_algorithm = FS, _task = Regression, _gens = 100, _nPop = 100, _pm = 0.3, _pc = 0.7, _seed = Nothing, _fitness = [ExprMeasure "NMSE"], _measures = [RMSE,NMSE,MAE,R^2]}, _constraintCfg = CnsCfg {_penaltyType = NoPenalty, _shapes = [], _domains = [], _evaluator = Nothing}}
Conf {_mutationCfg = MutCfg {_kRange = (-2,2), _funs = [Id,Exp,Log,Sqrt,Sin,Cos,Tanh], _yfuns = [Id], _vars = [], _budget = 0}, _ioCfg = IOCfg {_trainFilename = "datasets/Pagie.csv", _testFilename = "datasets/Pagie.csv", _logType = PartialLog "log/pagie"}, _algorithmCfg = AlgCfg {_algorithm = FS, _task = Regression, _gens = 100, _nPop = 100, _pm = 0.3, _pc = 0.7, _seed = Nothing, _fitness = [ExprMeasure "NMSE"], _measures = [RMSE,NMSE,MAE,R^2]}, _constraintCfg = CnsCfg {_penaltyType = NoPenalty, _shapes = [], _domains = [], _evaluator = Nothing}}
Conf {_mutationCfg = MutCfg {_kRange = (-2,2), _funs = [Id,Exp,Log,Sqrt,Sin,Cos,Tanh], _yfuns = [Id], _vars = [], _budget = 0}, _ioCfg = IOCfg {_trainFilename = "datasets/Pagie.csv", _testFilename = "datasets/Pagie.csv", _logType = PartialLog "log/pagie"}, _algorithmCfg = AlgCfg {_algorithm = FS, _task = Regression, _gens = 100, _nPop = 100, _pm = 0.3, _pc = 0.7, _seed = Nothing, _fitness = [ExprMeasure "NMSE"], _measures = [RMSE,NMSE,MAE,R^2]}, _constraintCfg = CnsCfg {_penaltyType = NoPenalty, _shapes = [], _domains = [], _evaluator = Nothing}}
Conf {_mutationCfg = MutCfg {_kRange = (-2,2), _funs = [Id,Exp,Log,Sqrt,Sin,Cos,Tanh], _yfuns = [Id], _vars = [], _budget = 0}, _ioCfg = IOCfg {_trainFilename = "datasets/Pagie.csv", _testFilename = "datasets/Pagie.csv", _logType = PartialLog "log/pagie"}, _algorithmCfg = AlgCfg {_algorithm = FS, _task = Regression, _gens = 100, _nPop = 100, _pm = 0.3, _pc = 0.7, _seed = Nothing, _fitness = [ExprMeasure "NMSE"], _measures = [RMSE,NMSE,MAE,R^2]}, _constraintCfg = CnsCfg {_penaltyType = NoPenalty, _shapes = [], _domains = [], _evaluator = Nothing}}
Conf {_mutationCfg = MutCfg {_kRange = (-2,2), _funs = [Id,Exp,Log,Sqrt,Sin,Cos,Tanh], _yfuns = [Id], _vars = [], _budget = 0}, _ioCfg = IOCfg {_trainFilename = "datasets/Pagie.csv", _testFilename = "datasets/Pagie.csv", _logType = PartialLog "log/pagie"}, _algorithmCfg = AlgCfg {_algorithm = FS, _task = Regression, _gens = 100, _nPop = 100, _pm = 0.3, _pc = 0.7, _seed = Nothing, _fitness = [ExprMeasure "NMSE"], _measures = [RMSE,NMSE,MAE,R^2]}, _constraintCfg = CnsCfg {_penaltyType = NoPenalty, _shapes = [], _domains = [], _evaluator = Nothing}}
Conf {_mutationCfg = MutCfg {_kRange = (-2,2), _funs = [Id,Exp,Log,Sqrt,Sin,Cos,Tanh], _yfuns = [Id], _vars = [], _budget = 0}, _ioCfg = IOCfg {_trainFilename = "datasets/Pagie.csv", _testFilename = "datasets/Pagie.csv", _logType = PartialLog "log/pagie"}, _algorithmCfg = AlgCfg {_algorithm = FS, _task = Regression, _gens = 100, _nPop = 100, _pm = 0.3, _pc = 0.7, _seed = Nothing, _fitness = [ExprMeasure "NMSE"], _measures = [RMSE,NMSE,MAE,R^2]}, _constraintCfg = CnsCfg {_penaltyType = NoPenalty, _shapes = [], _domains = [], _evaluator = Nothing}}
Conf {_mutationCfg = MutCfg {_kRange = (-2,2), _funs = [Id,Exp,Log,Sqrt,Sin,Cos,Tanh], _yfuns = [Id], _vars = [], _budget = 0}, _ioCfg = IOCfg {_trainFilename = "datasets/Pagie.csv", _testFilename = "datasets/Pagie.csv", _logType = PartialLog "log/pagie"}, _algorithmCfg = AlgCfg {_algorithm = FS, _task = Regression, _gens = 1, _nPop = 100, _pm = 0.3, _pc = 0.7, _seed = Nothing, _fitness = [ExprMeasure "NMSE"], _measures = [RMSE,NMSE,MAE,R^2]}, _constraintCfg = CnsCfg {_penaltyType = NoPenalty, _shapes = [], _domains = [], _evaluator = Nothing}}
Conf {_mutationCfg = MutCfg {_kRange = (-2,2), _funs = [Id,Exp,Log,Sqrt,Sin,Cos,Tanh], _yfuns = [Id], _vars = [], _budget = 0}, _ioCfg = IOCfg {_trainFilename = "datasets/Pagie.csv", _testFilename = "datasets/Pagie.csv", _logType = PartialLog "log/pagie"}, _algorithmCfg = AlgCfg {_algorithm = FS, _task = Regression, _gens = 1, _nPop = 100, _pm = 0.3, _pc = 0.7, _seed = Nothing, _fitness = [ExprMeasure "NMSE"], _measures = [RMSE,NMSE,MAE,R^2]}, _constraintCfg = CnsCfg {_penaltyType = NoPenalty, _shapes = [], _domains = [], _evaluator = Nothing}}
Conf {_mutationCfg = MutCfg {_kRange = (-2,2), _funs = [Id,Exp,Log,Sqrt,Sin,Cos,Tanh], _yfuns = [Id], _vars = [], _budget = 0}, _ioCfg = IOCfg {_trainFilename = "datasets/Pagie.csv", _testFilename = "datasets/Pagie.csv", _logType = PartialLog "log/pagie"}, _algorithmCfg = AlgCfg {_algorithm = FS, _task = Regression, _gens = 1, _nPop = 100, _pm = 0.3, _pc = 0.7, _seed = Nothing, _fitness = [ExprMeasure "NMSE"], _measures = [RMSE,NMSE,MAE,R^2]}, _constraintCfg = CnsCfg {_penaltyType = NoPenalty, _shapes = [], _domains = [], _evaluator = Nothing}}
Conf {_mutationCfg = MutCfg {_kRange = (-2,2), _funs = [Id,Exp,Log,Sqrt,Sin,Cos,Tanh], _yfuns = [Id], _vars = [], _budget = 0}, _ioCfg = IOCfg {_trainFilename = "datasets/Pagie.csv", _testFilename = "datasets/Pagie.csv", _logType = PartialLog "log/pagie"}, _algorithmCfg = AlgCfg {_algorithm = FS, _task = Regression, _gens = 100, _nPop = 100, _pm = 0.3, _pc = 0.7, _seed = Nothing, _fitness = [ExprMeasure "NMSE"], _measures = [RMSE,NMSE,MAE,R^2]}, _constraintCfg = CnsCfg {_penaltyType = NoPenalty, _shapes = [], _domains = [], _evaluator = Nothing}}
Conf {_mutationCfg = MutCfg {_kRange = (-2,2), _funs = [Id,Exp,Log,Sqrt,Sin,Cos,Tanh], _yfuns = [Id], _vars = [], _budget = 0}, _ioCfg = IOCfg {_trainFilename = "datasets/Pagie.csv", _testFilename = "datasets/Pagie.csv", _logType = PartialLog "log/pagie"}, _algorithmCfg = AlgCfg {_algorithm = FS, _task = Regression, _gens = 10, _nPop = 100, _pm = 0.3, _pc = 0.7, _seed = Nothing, _fitness = [ExprMeasure "NMSE"], _measures = [RMSE,NMSE,MAE,R^2]}, _constraintCfg = CnsCfg {_penaltyType = NoPenalty, _shapes = [], _domains = [], _evaluator = Nothing}}
Conf {_mutationCfg = MutCfg {_kRange = (-2,2), _funs = [Id,Exp,Log,Sqrt,Sin,Cos,Tanh], _yfuns = [Id], _vars = [], _budget = 0}, _ioCfg = IOCfg {_trainFilename = "datasets/Pagie.csv", _testFilename = "datasets/Pagie.csv", _logType = PartialLog "log/pagie"}, _algorithmCfg = AlgCfg {_algorithm = FS, _task = Regression, _gens = 100, _nPop = 100, _pm = 0.3, _pc = 0.7, _seed = Nothing, _fitness = [ExprMeasure "NMSE"], _measures = [RMSE,NMSE,MAE,R^2]}, _constraintCfg = CnsCfg {_penaltyType = NoPenalty, _shapes = [], _domains = [], _evaluator = Nothing}}
Conf {_mutationCfg = MutCfg {_kRange = (-2,2), _funs = [Id,Exp,Log,Sqrt,Sin,Cos,Tanh], _yfuns = [Id], _vars = [], _budget = 0}, _ioCfg = IOCfg {_trainFilename = "datasets/Pagie.csv", _testFilename = "datasets/Pagie.csv", _logType = PartialLog "log/pagie"}, _algorithmCfg = AlgCfg {_algorithm = FS, _task = Regression, _gens = 100, _nPop = 100, _pm = 0.3, _pc = 0.7, _seed = Nothing, _fitness = [ExprMeasure "NMSE"], _measures = [RMSE,NMSE,MAE,R^2]}, _constraintCfg = CnsCfg {_penaltyType = NoPenalty, _shapes = [], _domains = [], _evaluator = Nothing}}
Conf {_mutationCfg = MutCfg {_kRange = (-2,2), _funs = [Id,Exp,Log,Sqrt,Sin,Cos,Tanh], _yfuns = [Id], _vars = [], _budget = 0}, _ioCfg = IOCfg {_trainFilename = "datasets/Pagie.csv", _testFilename = "datasets/Pagie.csv", _logType = PartialLog "log/pagie"}, _algorithmCfg = AlgCfg {_algorithm = FS, _task = Regression, _gens = 100, _nPop = 100, _pm = 0.3, _pc = 0.7, _seed = Nothing, _fitness = [ExprMeasure "NMSE"], _measures = [RMSE,NMSE,MAE,R^2]}, _constraintCfg = CnsCfg {_penaltyType = NoPenalty, _shapes = [], _domains = [], _evaluator = Nothing}}
Conf {_mutationCfg = MutCfg {_kRange = (-2,2), _funs = [Id,Exp,Log,Sqrt,Sin,Cos,Tanh], _yfuns = [Id], _vars = [], _budget = 0}, _ioCfg = IOCfg {_trainFilename = "datasets/Pagie.csv", _testFilename = "datasets/Pagie.csv", _logType = PartialLog "log/pagie"}, _algorithmCfg = AlgCfg {_algorithm = FS, _task = Regression, _gens = 100, _nPop = 100, _pm = 0.3, _pc = 0.7, _seed = Nothing, _fitness = [ExprMeasure "NMSE"], _measures = [RMSE,NMSE,MAE,R^2]}, _constraintCfg = CnsCfg {_penaltyType = NoPenalty, _shapes = [], _domains = [], _evaluator = Nothing}}
Conf {_mutationCfg = MutCfg {_kRange = (-2,2), _funs = [Id,Exp,Log,Sqrt,Sin,Cos,Tanh], _yfuns = [Id], _vars = [], _budget = 0}, _ioCfg = IOCfg {_trainFilename = "datasets/Pagie.csv", _testFilename = "datasets/Pagie.csv", _logType = PartialLog "log/pagie"}, _algorithmCfg = AlgCfg {_algorithm = FS, _task = Regression, _gens = 100, _nPop = 100, _pm = 0.3, _pc = 0.7, _seed = Nothing, _fitness = [ExprMeasure "NMSE"], _measures = [RMSE,NMSE,MAE,R^2]}, _constraintCfg = CnsCfg {_penaltyType = NoPenalty, _shapes = [], _domains = [], _evaluator = Nothing}}
Conf {_mutationCfg = MutCfg {_kRange = (-2,2), _funs = [Id,Exp,Log,Sqrt,Sin,Cos,Tanh], _yfuns = [Id], _vars = [], _budget = 0}, _ioCfg = IOCfg {_trainFilename = "datasets/Pagie.csv", _testFilename = "datasets/Pagie.csv", _logType = PartialLog "log/pagie"}, _algorithmCfg = AlgCfg {_algorithm = FS, _task = Regression, _gens = 100, _nPop = 100, _pm = 0.3, _pc = 0.7, _seed = Nothing, _fitness = [ExprMeasure "NMSE"], _measures = [RMSE,NMSE,MAE,R^2]}, _constraintCfg = CnsCfg {_penaltyType = NoPenalty, _shapes = [], _domains = [], _evaluator = Nothing}}
Conf {_mutationCfg = MutCfg {_kRange = (-2,2), _funs = [Id,Exp,Log,Sqrt,Sin,Cos,Tanh], _yfuns = [Id], _vars = [], _budget = 0}, _ioCfg = IOCfg {_trainFilename = "datasets/Pagie.csv", _testFilename = "datasets/Pagie.csv", _logType = PartialLog "log/pagie"}, _algorithmCfg = AlgCfg {_algorithm = FS, _task = Regression, _gens = 100, _nPop = 100, _pm = 0.3, _pc = 0.7, _seed = Nothing, _fitness = [ExprMeasure "NMSE"], _measures = [RMSE,NMSE,MAE,R^2]}, _constraintCfg = CnsCfg {_penaltyType = NoPenalty, _shapes = [], _domains = [], _evaluator = Nothing}}
Conf {_mutationCfg = MutCfg {_kRange = (-2,2), _funs = [Id,Exp,Log,Sqrt,Sin,Cos,Tanh], _yfuns = [Id], _vars = [], _budget = 0}, _ioCfg = IOCfg {_trainFilename = "datasets/Pagie.csv", _testFilename = "datasets/Pagie.csv", _logType = PartialLog "log/pagie"}, _algorithmCfg = AlgCfg {_algorithm = FS, _task = Regression, _gens = 100, _nPop = 100, _pm = 0.3, _pc = 0.7, _seed = Nothing, _fitness = [ExprMeasure "NMSE"], _measures = [RMSE,NMSE,MAE,R^2]}, _constraintCfg = CnsCfg {_penaltyType = NoPenalty, _shapes = [], _domains = [], _evaluator = Nothing}}
Conf {_mutationCfg = MutCfg {_kRange = (-2,2), _funs = [Id,Exp,Log,Sqrt,Sin,Cos,Tanh], _yfuns = [Id], _vars = [], _budget = 0}, _ioCfg = IOCfg {_trainFilename = "datasets/Pagie.csv", _testFilename = "datasets/Pagie.csv", _logType = PartialLog "log/pagie"}, _algorithmCfg = AlgCfg {_algorithm = FS, _task = Regression, _gens = 100, _nPop = 100, _pm = 0.3, _pc = 0.7, _seed = Nothing, _fitness = [ExprMeasure "NMSE"], _measures = [RMSE,NMSE,MAE,R^2]}, _constraintCfg = CnsCfg {_penaltyType = NoPenalty, _shapes = [], _domains = [], _evaluator = Nothing}}
Conf {_mutationCfg = MutCfg {_kRange = (-2,2), _funs = [Id,Exp,Log,Sqrt,Sin,Cos,Tanh], _yfuns = [Id], _vars = [], _budget = 0}, _ioCfg = IOCfg {_trainFilename = "datasets/Pagie.csv", _testFilename = "datasets/Pagie.csv", _logType = PartialLog "log/pagie"}, _algorithmCfg = AlgCfg {_algorithm = FS, _task = Regression, _gens = 100, _nPop = 100, _pm = 0.3, _pc = 0.7, _seed = Nothing, _fitness = [ExprMeasure "NMSE"], _measures = [RMSE,NMSE,MAE,R^2]}, _constraintCfg = CnsCfg {_penaltyType = NoPenalty, _shapes = [], _domains = [], _evaluator = Nothing}}
Conf {_mutationCfg = MutCfg {_kRange = (-2,2), _funs = [Id,Exp,Log,Sqrt,Sin,Cos,Tanh], _yfuns = [Id], _vars = [], _budget = 0}, _ioCfg = IOCfg {_trainFilename = "datasets/Pagie.csv", _testFilename = "datasets/Pagie.csv", _logType = PartialLog "log/pagie"}, _algorithmCfg = AlgCfg {_algorithm = FS, _task = Regression, _gens = 100, _nPop = 100, _pm = 0.3, _pc = 0.7, _seed = Nothing, _fitness = [ExprMeasure "NMSE"], _measures = [RMSE,NMSE,MAE,R^2]}, _constraintCfg = CnsCfg {_penaltyType = NoPenalty, _shapes = [], _domains = [], _evaluator = Nothing}}
Conf {_mutationCfg = MutCfg {_kRange = (-2,2), _funs = [Id,Exp,Log,Sqrt,Sin,Cos,Tanh], _yfuns = [Id], _vars = [], _budget = 0}, _ioCfg = IOCfg {_trainFilename = "datasets/Pagie.csv", _testFilename = "datasets/Pagie.csv", _logType = PartialLog "log/pagie"}, _algorithmCfg = AlgCfg {_algorithm = GPTIR, _task = Regression, _gens = 100, _nPop = 100, _pm = 0.3, _pc = 0.7, _seed = Nothing, _fitness = [ExprMeasure "NMSE"], _measures = [RMSE,NMSE,MAE,R^2]}, _constraintCfg = CnsCfg {_penaltyType = NoPenalty, _shapes = [], _domains = [], _evaluator = Nothing}}
Conf {_mutationCfg = MutCfg {_kRange = (-2,2), _funs = [Id,Exp,Log,Sqrt,Sin,Cos,Tanh], _yfuns = [Id], _vars = [], _budget = 0}, _ioCfg = IOCfg {_trainFilename = "datasets/Pagie.csv", _testFilename = "datasets/Pagie.csv", _logType = PartialLog "log/pagie"}, _algorithmCfg = AlgCfg {_algorithm = FS, _task = Regression, _gens = 100, _nPop = 100, _pm = 0.3, _pc = 0.7, _seed = Nothing, _fitness = [ExprMeasure "NMSE"], _measures = [RMSE,NMSE,MAE,R^2]}, _constraintCfg = CnsCfg {_penaltyType = NoPenalty, _shapes = [], _domains = [], _evaluator = Nothing}}
Conf {_mutationCfg = MutCfg {_kRange = (-2,2), _funs = [Id,Exp,Log,Sqrt,Sin,Cos,Tanh], _yfuns = [Id], _vars = [], _budget = 0}, _ioCfg = IOCfg {_trainFilename = "datasets/Pagie.csv", _testFilename = "datasets/Pagie.csv", _logType = PartialLog "log/pagie"}, _algorithmCfg = AlgCfg {_algorithm = FS, _task = Regression, _gens = 100, _nPop = 100, _pm = 0.3, _pc = 0.7, _seed = Nothing, _fitness = [ExprMeasure "NMSE"], _measures = [RMSE,NMSE,MAE,R^2]}, _constraintCfg = CnsCfg {_penaltyType = NoPenalty, _shapes = [], _domains = [], _evaluator = Nothing}}
Conf {_mutationCfg = MutCfg {_kRange = (-2,2), _funs = [Id,Exp,Log,Sqrt,Sin,Cos,Tanh], _yfuns = [Id], _vars = [], _budget = 0}, _ioCfg = IOCfg {_trainFilename = "datasets/Pagie.csv", _testFilename = "datasets/Pagie.csv", _logType = PartialLog "log/pagie"}, _algorithmCfg = AlgCfg {_algorithm = FS, _task = Regression, _gens = 100, _nPop = 100, _pm = 0.3, _pc = 0.7, _seed = Nothing, _fitness = [ExprMeasure "NMSE"], _measures = [RMSE,NMSE,MAE,R^2]}, _constraintCfg = CnsCfg {_penaltyType = NoPenalty, _shapes = [], _domains = [], _evaluator = Nothing}}
Conf {_mutationCfg = MutCfg {_kRange = (-2,2), _funs = [Id,Exp,Log,Sqrt,Sin,Cos,Tanh], _yfuns = [Id], _vars = [], _budget = 0}, _ioCfg = IOCfg {_trainFilename = "datasets/Pagie.csv", _testFilename = "datasets/Pagie.csv", _logType = PartialLog "log/pagie"}, _algorithmCfg = AlgCfg {_algorithm = MOO, _task = Regression, _gens = 100, _nPop = 100, _pm = 0.3, _pc = 0.7, _seed = Nothing, _fitness = [ExprMeasure "NMSE",ExprLen], _measures = [RMSE,NMSE,MAE,R^2]}, _constraintCfg = CnsCfg {_penaltyType = NoPenalty, _shapes = [], _domains = [], _evaluator = Nothing}}
Conf {_mutationCfg = MutCfg {_kRange = (-2,2), _funs = [Id,Exp,Log,Sqrt,Sin,Cos,Tanh], _yfuns = [Id], _vars = [], _budget = 0}, _ioCfg = IOCfg {_trainFilename = "datasets/Pagie.csv", _testFilename = "datasets/Pagie.csv", _logType = PartialLog "log/pagie"}, _algorithmCfg = AlgCfg {_algorithm = MOO, _task = Regression, _gens = 100, _nPop = 100, _pm = 0.3, _pc = 0.7, _seed = Nothing, _fitness = [ExprMeasure "NMSE",ExprLen], _measures = [RMSE,NMSE,MAE,R^2]}, _constraintCfg = CnsCfg {_penaltyType = NoPenalty, _shapes = [], _domains = [], _evaluator = Nothing}}
